"GCM","bio_11 (ºC)","bio_17 (mm)","Delta bio_11 (ºC)","Delta bio_17 (mm)"
"mohc_hadgem2_es",5.51227405749699,116.094336374591,1.57958340506111,-14.7960061972801
"giss_e2_h",4.96106042348081,118.836977104493,1.02836977104493,-12.0533654673782
"giss_e2_r",4.6411774832157,120.397658805302,0.708486830779824,-10.4926837665691
"miroc_esm_chem",5.98684799449131,120.860389051472,2.05415734205543,-10.0299535203994
"mpi_esm_mr",5.2316577724221,120.92046823894,1.29896711998623,-9.96987433293166
"gfdl_cm3",5.80030986400413,120.957307626097,1.86761921156826,-9.9330349457738
"cesm1_cam5",5.5303322430711,120.985367533138,1.59764159063522,-9.904975038733
"mri_cgcm3",4.91239456016526,121.480289206404,0.979703907729385,-9.41005336546738
"mpi_esm_lr",5.33241521776554,121.942675159236,1.39972456532966,-8.94766741263557
"lasg_fgoals_g2",4.96717163022895,123.290927870546,1.03448097779308,-7.59941470132553
"ipsl_cm5a_mr",5.531674987089,123.536753313823,1.59898433465312,-7.35358925804786
"bcc_csm1_1_m",5.03544499913927,123.744190049923,1.10275434670339,-7.1461525219487
"bnu_esm",5.4760371836805,123.742640729902,1.54334653124462,-7.14770184196936
"ENSEMBLE",5.36559545532794,123.751874677225,1.43290480289206,-7.13846789464624
"nimr_hadgem2_ao",5.64763298330177,124.02978137373,1.7149423308659,-6.86056119814082
"csiro_mk3_6_0",5.30414873472198,124.53227750043,1.37145808228611,-6.35806507144087
"cccma_canesm2",6.04587708727836,124.692546049234,2.11318643484249,-6.19779652263729
"miroc_esm",5.94246858323291,125.126699948356,2.00977793079704,-5.76364262351523
"ipsl_cm5a_lr",5.44866586331554,125.423136512308,1.51597521087967,-5.46720605956275
"gfdl_esm2m",4.94031674987089,125.973145119642,1.00762609743501,-4.9171974522293
"ncc_noresm1_m",5.09345842657945,125.967636426235,1.16076777414357,-4.92270614563608
"miroc_miroc5",5.32329144431055,126.70476846273,1.39060079187468,-4.18557410914099
"bcc_csm1_1",5.68292305043897,127.30177311069,1.7502323980031,-3.58856946118093
"ncar_ccsm4",5.3163022895507,128.243931829919,1.38361163711482,-2.64641074195214
"gfdl_esm2g",5.39426751592357,128.879325185058,1.46157686348769,-2.01101738681357
"fio_esm",5.08173523842314,130.131864348425,1.14904458598726,-0.758478223446376
"BASELINE",3.93269065243588,130.890342571871,0,0
